-- MySQL dump 10.13  Distrib 8.0.24, for macos11 (x86_64)
--
-- Host: localhost    Database: martify
-- ------------------------------------------------------
-- Server version	8.0.24

/*!40101 SET @OLD_CHARACTER_SET_CLIENT=@@CHARACTER_SET_CLIENT */;
/*!40101 SET @OLD_CHARACTER_SET_RESULTS=@@CHARACTER_SET_RESULTS */;
/*!40101 SET @OLD_COLLATION_CONNECTION=@@COLLATION_CONNECTION */;
/*!50503 SET NAMES utf8 */;
/*!40103 SET @OLD_TIME_ZONE=@@TIME_ZONE */;
/*!40103 SET TIME_ZONE='+00:00' */;
/*!40014 SET @OLD_UNIQUE_CHECKS=@@UNIQUE_CHECKS, UNIQUE_CHECKS=0 */;
/*!40014 SET @OLD_FOREIGN_KEY_CHECKS=@@FOREIGN_KEY_CHECKS, FOREIGN_KEY_CHECKS=0 */;
/*!40101 SET @OLD_SQL_MODE=@@SQL_MODE, SQL_MODE='NO_AUTO_VALUE_ON_ZERO' */;
/*!40111 SET @OLD_SQL_NOTES=@@SQL_NOTES, SQL_NOTES=0 */;

--
-- Table structure for table `addresses`
--

DROP TABLE IF EXISTS `addresses`;
/*!40101 SET @saved_cs_client     = @@character_set_client */;
/*!50503 SET character_set_client = utf8mb4 */;
CREATE TABLE `addresses` (
  `id` int NOT NULL AUTO_INCREMENT,
  `line1` varchar(255) DEFAULT NULL,
  `line2` varchar(255) DEFAULT NULL,
  `city` varchar(45) DEFAULT NULL,
  `state` varchar(45) DEFAULT NULL,
  `country` varchar(45) DEFAULT NULL,
  `phone` varchar(10) DEFAULT NULL,
  `pincode` int DEFAULT NULL,
  `user_id` int NOT NULL,
  PRIMARY KEY (`id`),
  KEY `fk_addresses_users1_idx` (`user_id`),
  CONSTRAINT `fk_addresses_users1` FOREIGN KEY (`user_id`) REFERENCES `users` (`id`) ON DELETE CASCADE ON UPDATE CASCADE
) ENGINE=InnoDB AUTO_INCREMENT=3 DEFAULT CHARSET=utf8mb3;
/*!40101 SET character_set_client = @saved_cs_client */;

--
-- Dumping data for table `addresses`
--

LOCK TABLES `addresses` WRITE;
/*!40000 ALTER TABLE `addresses` DISABLE KEYS */;
/*!40000 ALTER TABLE `addresses` ENABLE KEYS */;
UNLOCK TABLES;

--
-- Table structure for table `categories`
--

DROP TABLE IF EXISTS `categories`;
/*!40101 SET @saved_cs_client     = @@character_set_client */;
/*!50503 SET character_set_client = utf8mb4 */;
CREATE TABLE `categories` (
  `id` int NOT NULL AUTO_INCREMENT,
  `title` varchar(255) NOT NULL,
  PRIMARY KEY (`id`)
) ENGINE=InnoDB AUTO_INCREMENT=9 DEFAULT CHARSET=utf8mb3;
/*!40101 SET character_set_client = @saved_cs_client */;

--
-- Dumping data for table `categories`
--

LOCK TABLES `categories` WRITE;
/*!40000 ALTER TABLE `categories` DISABLE KEYS */;
INSERT INTO `categories` VALUES (1,'Shoes'),(2,'Electronics'),(3,'HomeDecoration'),(4,'Fashion'),(5,'Chocolate'),(6,'Jewellery'),(7,'Womens'),(8,'Mens');
/*!40000 ALTER TABLE `categories` ENABLE KEYS */;
UNLOCK TABLES;

--
-- Table structure for table `orders`
--

DROP TABLE IF EXISTS `orders`;
/*!40101 SET @saved_cs_client     = @@character_set_client */;
/*!50503 SET character_set_client = utf8mb4 */;
CREATE TABLE `orders` (
  `id` int NOT NULL AUTO_INCREMENT,
  `user_id` int NOT NULL,
  PRIMARY KEY (`id`),
  KEY `fk_orders_users1_idx` (`user_id`),
  CONSTRAINT `users` FOREIGN KEY (`user_id`) REFERENCES `users` (`id`) ON DELETE CASCADE ON UPDATE CASCADE
) ENGINE=InnoDB AUTO_INCREMENT=124 DEFAULT CHARSET=utf8mb3;
/*!40101 SET character_set_client = @saved_cs_client */;

--
-- Dumping data for table `orders`
--

LOCK TABLES `orders` WRITE;
/*!40000 ALTER TABLE `orders` DISABLE KEYS */;
INSERT INTO `orders` VALUES (122,1),(123,1);
/*!40000 ALTER TABLE `orders` ENABLE KEYS */;
UNLOCK TABLES;

--
-- Table structure for table `orders_details`
--

DROP TABLE IF EXISTS `orders_details`;
/*!40101 SET @saved_cs_client     = @@character_set_client */;
/*!50503 SET character_set_client = utf8mb4 */;
CREATE TABLE `orders_details` (
  `id` int NOT NULL AUTO_INCREMENT,
  `order_id` int NOT NULL,
  `product_id` int NOT NULL,
  `quantity` int NOT NULL DEFAULT '1',
  PRIMARY KEY (`id`),
  KEY `fk_orders_has_products_products1_idx` (`product_id`),
  KEY `fk_orders_has_products_orders1_idx` (`order_id`),
  CONSTRAINT `fk_orders_has_products_orders1` FOREIGN KEY (`order_id`) REFERENCES `orders` (`id`) ON DELETE CASCADE ON UPDATE CASCADE,
  CONSTRAINT `fk_orders_has_products_products1` FOREIGN KEY (`product_id`) REFERENCES `products` (`id`) ON DELETE CASCADE ON UPDATE CASCADE
) ENGINE=InnoDB AUTO_INCREMENT=202 DEFAULT CHARSET=utf8mb3;
/*!40101 SET character_set_client = @saved_cs_client */;

--
-- Dumping data for table `orders_details`
--

LOCK TABLES `orders_details` WRITE;
/*!40000 ALTER TABLE `orders_details` DISABLE KEYS */;
INSERT INTO `orders_details` VALUES (198,122,3,3),(199,123,56,4),(200,123,1,1),(201,123,3,6);
/*!40000 ALTER TABLE `orders_details` ENABLE KEYS */;
UNLOCK TABLES;

--
-- Table structure for table `products`
--

DROP TABLE IF EXISTS `products`;
/*!40101 SET @saved_cs_client     = @@character_set_client */;
/*!50503 SET character_set_client = utf8mb4 */;
CREATE TABLE `products` (
  `id` int NOT NULL AUTO_INCREMENT,
  `title` varchar(255) NOT NULL,
  `image` varchar(255) NOT NULL,
  `images` text,
  `description` text NOT NULL,
  `price` float NOT NULL,
  `quantity` int NOT NULL,
  `short_desc` varchar(255) NOT NULL,
  `cat_id` int DEFAULT NULL,
  PRIMARY KEY (`id`),
  KEY `products_ibfk_1` (`cat_id`),
  FULLTEXT KEY `description` (`description`),
  CONSTRAINT `products_ibfk_1` FOREIGN KEY (`cat_id`) REFERENCES `categories` (`id`) ON DELETE SET NULL ON UPDATE CASCADE
) ENGINE=InnoDB AUTO_INCREMENT=73 DEFAULT CHARSET=utf8mb3;
/*!40101 SET character_set_client = @saved_cs_client */;

--
-- Dumping data for table `products`
--

LOCK TABLES `products` WRITE;
/*!40000 ALTER TABLE `products` DISABLE KEYS */;
INSERT INTO `products` VALUES (1,'PlayStation 4','https://encrypted-tbn0.gstatic.com/images?q=tbn%3AANd9GcSr-iFW5W8n3_jxNKiclAP_k71Fi9PGcojsMUC-vb8zbwJthbBd','https://encrypted-tbn0.gstatic.com/images?q=tbn%3AANd9GcSr-iFW5W8n3_jxNKiclAP_k71Fi9PGcojsMUC-vb8zbwJthbBd;https://static.toiimg.com/thumb/msid-56933980,width-640,resizemode-4,imgsize-85436/56933980.jpg;https://cdn.mos.cms.futurecdn.net/3328be45e8c7fe5194055b4c687fb769-1200-80.jpeg;https://img.etimg.com/thumb/width-640,height-480,imgsize-76492,resizemode-1,msid-52464286/46.jpg','With PS4, gaming becomes a lot more power packed. Ultra-fast processors, high-performance system, real-time game sharing, remote play and lots more makes it the ultimate companion device.',240.99,0,'Gaming console',2),(2,'PEGASUS 33 Running Shoes For Men','https://i.pinimg.com/originals/43/40/8e/43408ee5a8d234752ecf80bbc3832e65.jpg','https://i.pinimg.com/originals/43/40/8e/43408ee5a8d234752ecf80bbc3832e65.jpg;https://i.ebayimg.com/images/g/eQgAAOSw2XdePfc0/s-l640.jpg;https://i.ebayimg.com/images/g/j~gAAOSwQ6FdG9Eh/s-l640.jpg;https://i.ebayimg.com/images/g/OesAAOSwDnpeJhWN/s-l640.jpg','The Nike Zoom Pegasus Turbo 2 is updated with a feather-light upper, while innovative foam brings revolutionary responsiveness to your long-distance training',59.99,0,'SPORTS SHOES',1),(3,'MEN\'S ADIDAS RUNNING KALUS SHOES','https://encrypted-tbn0.gstatic.com/images?q=tbn%3AANd9GcSrEqFHfSbs6rUzcYnN_PcnS_D2JLXusKMVFk4Y8N_tn3hJgNIf',NULL,'A well cushioned shoe with a fresher look that will appeal to young runners. Features Mesh upper for maximum ventilation, lightstrike IMEVA midsole with visible adiprene providing protection from harmful impact forces and durable Rubber outsole for long-lasting wear',39.99,55,'SPORTS SHOES',1),(4,'Xbox One X Star Wars Jedi','https://encrypted-tbn0.gstatic.com/images?q=tbn%3AANd9GcQ8ufSADR9EyusxEfgMLErqISEcKVzQyjoD81zWcdpBvuEGBnYP',NULL,'Own the Xbox One X Star Wars Jedi: Fallen Order™ Bundle and step into the role of a Jedi Padawan who narrowly escaped the purge of Order 66. This bundle includes a full-game download of Star Wars Jedi: Fallen Order™ Deluxe Edition, a 1-month trial of Xbox Game Pass for console and Xbox Live Gold, and 1-month of EA Access.***',250,78,'Gaming console',2),(5,'PlayStation 4','https://encrypted-tbn0.gstatic.com/images?q=tbn%3AANd9GcSr-iFW5W8n3_jxNKiclAP_k71Fi9PGcojsMUC-vb8zbwJthbBd',NULL,'With PS4, gaming becomes a lot more power packed. Ultra-fast processors, high-performance system, real-time game sharing, remote play and lots more makes it the ultimate companion device.',240.99,83,'Gaming console',2),(6,'PEGASUS 33 Running Shoes For Men','https://i.pinimg.com/originals/43/40/8e/43408ee5a8d234752ecf80bbc3832e65.jpg',NULL,'The Nike Zoom Pegasus Turbo 2 is updated with a feather-light upper, while innovative foam brings revolutionary responsiveness to your long-distance training',59.99,1,'SPORTS SHOES',1),(7,'MEN\'S ADIDAS RUNNING KALUS SHOES','https://encrypted-tbn0.gstatic.com/images?q=tbn%3AANd9GcSrEqFHfSbs6rUzcYnN_PcnS_D2JLXusKMVFk4Y8N_tn3hJgNIf',NULL,'A well cushioned shoe with a fresher look that will appeal to young runners. Features Mesh upper for maximum ventilation, lightstrike IMEVA midsole with visible adiprene providing protection from harmful impact forces and durable Rubber outsole for long-lasting wear',39.99,95,'SPORTS SHOES',1),(8,'Xbox One X Star Wars Jedi','https://encrypted-tbn0.gstatic.com/images?q=tbn%3AANd9GcQ8ufSADR9EyusxEfgMLErqISEcKVzQyjoD81zWcdpBvuEGBnYP',NULL,'Own the Xbox One X Star Wars Jedi: Fallen Order™ Bundle and step into the role of a Jedi Padawan who narrowly escaped the purge of Order 66. This bundle includes a full-game download of Star Wars Jedi: Fallen Order™ Deluxe Edition, a 1-month trial of Xbox Game Pass for console and Xbox Live Gold, and 1-month of EA Access.***',250,100,'Gaming console',2),(9,'PlayStation 4','https://encrypted-tbn0.gstatic.com/images?q=tbn%3AANd9GcSr-iFW5W8n3_jxNKiclAP_k71Fi9PGcojsMUC-vb8zbwJthbBd',NULL,'With PS4, gaming becomes a lot more power packed. Ultra-fast processors, high-performance system, real-time game sharing, remote play and lots more makes it the ultimate companion device.',240.99,100,'Gaming console',2),(10,'PEGASUS 33 Running Shoes For Men','https://i.pinimg.com/originals/43/40/8e/43408ee5a8d234752ecf80bbc3832e65.jpg',NULL,'The Nike Zoom Pegasus Turbo 2 is updated with a feather-light upper, while innovative foam brings revolutionary responsiveness to your long-distance training',59.99,100,'SPORTS SHOES',1),(11,'MEN\'S ADIDAS RUNNING KALUS SHOES','https://encrypted-tbn0.gstatic.com/images?q=tbn%3AANd9GcSrEqFHfSbs6rUzcYnN_PcnS_D2JLXusKMVFk4Y8N_tn3hJgNIf',NULL,'A well cushioned shoe with a fresher look that will appeal to young runners. Features Mesh upper for maximum ventilation, lightstrike IMEVA midsole with visible adiprene providing protection from harmful impact forces and durable Rubber outsole for long-lasting wear',39.99,100,'SPORTS SHOES',1),(12,'Xbox One X Star Wars Jedi','https://encrypted-tbn0.gstatic.com/images?q=tbn%3AANd9GcQ8ufSADR9EyusxEfgMLErqISEcKVzQyjoD81zWcdpBvuEGBnYP',NULL,'Own the Xbox One X Star Wars Jedi: Fallen Order™ Bundle and step into the role of a Jedi Padawan who narrowly escaped the purge of Order 66. This bundle includes a full-game download of Star Wars Jedi: Fallen Order™ Deluxe Edition, a 1-month trial of Xbox Game Pass for console and Xbox Live Gold, and 1-month of EA Access.***',250,100,'Gaming console',2),(13,'PlayStation 4','https://encrypted-tbn0.gstatic.com/images?q=tbn%3AANd9GcSr-iFW5W8n3_jxNKiclAP_k71Fi9PGcojsMUC-vb8zbwJthbBd',NULL,'With PS4, gaming becomes a lot more power packed. Ultra-fast processors, high-performance system, real-time game sharing, remote play and lots more makes it the ultimate companion device.',240.99,68,'Gaming console',2),(14,'PEGASUS 33 Running Shoes For Men','https://i.pinimg.com/originals/43/40/8e/43408ee5a8d234752ecf80bbc3832e65.jpg',NULL,'The Nike Zoom Pegasus Turbo 2 is updated with a feather-light upper, while innovative foam brings revolutionary responsiveness to your long-distance training',59.99,100,'SPORTS SHOES',1),(15,'MEN\'S ADIDAS RUNNING KALUS SHOES','https://encrypted-tbn0.gstatic.com/images?q=tbn%3AANd9GcSrEqFHfSbs6rUzcYnN_PcnS_D2JLXusKMVFk4Y8N_tn3hJgNIf',NULL,'A well cushioned shoe with a fresher look that will appeal to young runners. Features Mesh upper for maximum ventilation, lightstrike IMEVA midsole with visible adiprene providing protection from harmful impact forces and durable Rubber outsole for long-lasting wear',39.99,100,'SPORTS SHOES',1),(16,'Xbox One X Star Wars Jedi','https://encrypted-tbn0.gstatic.com/images?q=tbn%3AANd9GcQ8ufSADR9EyusxEfgMLErqISEcKVzQyjoD81zWcdpBvuEGBnYP',NULL,'Own the Xbox One X Star Wars Jedi: Fallen Order™ Bundle and step into the role of a Jedi Padawan who narrowly escaped the purge of Order 66. This bundle includes a full-game download of Star Wars Jedi: Fallen Order™ Deluxe Edition, a 1-month trial of Xbox Game Pass for console and Xbox Live Gold, and 1-month of EA Access.***',250,100,'Gaming console',2),(17,'PlayStation 4','https://encrypted-tbn0.gstatic.com/images?q=tbn%3AANd9GcSr-iFW5W8n3_jxNKiclAP_k71Fi9PGcojsMUC-vb8zbwJthbBd',NULL,'With PS4, gaming becomes a lot more power packed. Ultra-fast processors, high-performance system, real-time game sharing, remote play and lots more makes it the ultimate companion device.',240.99,100,'Gaming console',2),(18,'PEGASUS 33 Running Shoes For Men','https://i.pinimg.com/originals/43/40/8e/43408ee5a8d234752ecf80bbc3832e65.jpg',NULL,'The Nike Zoom Pegasus Turbo 2 is updated with a feather-light upper, while innovative foam brings revolutionary responsiveness to your long-distance training',59.99,80,'SPORTS SHOES',1),(19,'MEN\'S ADIDAS RUNNING KALUS SHOES','https://encrypted-tbn0.gstatic.com/images?q=tbn%3AANd9GcSrEqFHfSbs6rUzcYnN_PcnS_D2JLXusKMVFk4Y8N_tn3hJgNIf',NULL,'A well cushioned shoe with a fresher look that will appeal to young runners. Features Mesh upper for maximum ventilation, lightstrike IMEVA midsole with visible adiprene providing protection from harmful impact forces and durable Rubber outsole for long-lasting wear',39.99,100,'SPORTS SHOES',1),(20,'Xbox One X Star Wars Jedi','https://encrypted-tbn0.gstatic.com/images?q=tbn%3AANd9GcQ8ufSADR9EyusxEfgMLErqISEcKVzQyjoD81zWcdpBvuEGBnYP',NULL,'Own the Xbox One X Star Wars Jedi: Fallen Order™ Bundle and step into the role of a Jedi Padawan who narrowly escaped the purge of Order 66. This bundle includes a full-game download of Star Wars Jedi: Fallen Order™ Deluxe Edition, a 1-month trial of Xbox Game Pass for console and Xbox Live Gold, and 1-month of EA Access.***',250,100,'Gaming console',2),(21,'PlayStation 4','https://encrypted-tbn0.gstatic.com/images?q=tbn%3AANd9GcSr-iFW5W8n3_jxNKiclAP_k71Fi9PGcojsMUC-vb8zbwJthbBd',NULL,'With PS4, gaming becomes a lot more power packed. Ultra-fast processors, high-performance system, real-time game sharing, remote play and lots more makes it the ultimate companion device.',240.99,100,'Gaming console',2),(22,'PEGASUS 33 Running Shoes For Men','https://i.pinimg.com/originals/43/40/8e/43408ee5a8d234752ecf80bbc3832e65.jpg',NULL,'The Nike Zoom Pegasus Turbo 2 is updated with a feather-light upper, while innovative foam brings revolutionary responsiveness to your long-distance training',59.99,100,'SPORTS SHOES',1),(23,'MEN\'S ADIDAS RUNNING KALUS SHOES','https://encrypted-tbn0.gstatic.com/images?q=tbn%3AANd9GcSrEqFHfSbs6rUzcYnN_PcnS_D2JLXusKMVFk4Y8N_tn3hJgNIf',NULL,'A well cushioned shoe with a fresher look that will appeal to young runners. Features Mesh upper for maximum ventilation, lightstrike IMEVA midsole with visible adiprene providing protection from harmful impact forces and durable Rubber outsole for long-lasting wear',39.99,100,'SPORTS SHOES',1),(24,'Xbox One X Star Wars Jedi','https://encrypted-tbn0.gstatic.com/images?q=tbn%3AANd9GcQ8ufSADR9EyusxEfgMLErqISEcKVzQyjoD81zWcdpBvuEGBnYP',NULL,'Own the Xbox One X Star Wars Jedi: Fallen Order™ Bundle and step into the role of a Jedi Padawan who narrowly escaped the purge of Order 66. This bundle includes a full-game download of Star Wars Jedi: Fallen Order™ Deluxe Edition, a 1-month trial of Xbox Game Pass for console and Xbox Live Gold, and 1-month of EA Access.***',250,100,'Gaming console',2),(25,'PlayStation 4','https://encrypted-tbn0.gstatic.com/images?q=tbn%3AANd9GcSr-iFW5W8n3_jxNKiclAP_k71Fi9PGcojsMUC-vb8zbwJthbBd',NULL,'With PS4, gaming becomes a lot more power packed. Ultra-fast processors, high-performance system, real-time game sharing, remote play and lots more makes it the ultimate companion device.',240.99,100,'Gaming console',2),(26,'PEGASUS 33 Running Shoes For Men','https://i.pinimg.com/originals/43/40/8e/43408ee5a8d234752ecf80bbc3832e65.jpg',NULL,'The Nike Zoom Pegasus Turbo 2 is updated with a feather-light upper, while innovative foam brings revolutionary responsiveness to your long-distance training',59.99,100,'SPORTS SHOES',1),(27,'MEN\'S ADIDAS RUNNING KALUS SHOES','https://encrypted-tbn0.gstatic.com/images?q=tbn%3AANd9GcSrEqFHfSbs6rUzcYnN_PcnS_D2JLXusKMVFk4Y8N_tn3hJgNIf',NULL,'A well cushioned shoe with a fresher look that will appeal to young runners. Features Mesh upper for maximum ventilation, lightstrike IMEVA midsole with visible adiprene providing protection from harmful impact forces and durable Rubber outsole for long-lasting wear',39.99,100,'SPORTS SHOES',1),(28,'Xbox One X Star Wars Jedi','https://encrypted-tbn0.gstatic.com/images?q=tbn%3AANd9GcQ8ufSADR9EyusxEfgMLErqISEcKVzQyjoD81zWcdpBvuEGBnYP',NULL,'Own the Xbox One X Star Wars Jedi: Fallen Order™ Bundle and step into the role of a Jedi Padawan who narrowly escaped the purge of Order 66. This bundle includes a full-game download of Star Wars Jedi: Fallen Order™ Deluxe Edition, a 1-month trial of Xbox Game Pass for console and Xbox Live Gold, and 1-month of EA Access.***',250,100,'Gaming console',2),(29,'PlayStation 4','https://encrypted-tbn0.gstatic.com/images?q=tbn%3AANd9GcSr-iFW5W8n3_jxNKiclAP_k71Fi9PGcojsMUC-vb8zbwJthbBd',NULL,'With PS4, gaming becomes a lot more power packed. Ultra-fast processors, high-performance system, real-time game sharing, remote play and lots more makes it the ultimate companion device.',240.99,100,'Gaming console',2),(30,'PEGASUS 33 Running Shoes For Men','https://i.pinimg.com/originals/43/40/8e/43408ee5a8d234752ecf80bbc3832e65.jpg',NULL,'The Nike Zoom Pegasus Turbo 2 is updated with a feather-light upper, while innovative foam brings revolutionary responsiveness to your long-distance training',59.99,100,'SPORTS SHOES',1),(31,'MEN\'S ADIDAS RUNNING KALUS SHOES','https://encrypted-tbn0.gstatic.com/images?q=tbn%3AANd9GcSrEqFHfSbs6rUzcYnN_PcnS_D2JLXusKMVFk4Y8N_tn3hJgNIf',NULL,'A well cushioned shoe with a fresher look that will appeal to young runners. Features Mesh upper for maximum ventilation, lightstrike IMEVA midsole with visible adiprene providing protection from harmful impact forces and durable Rubber outsole for long-lasting wear',39.99,100,'SPORTS SHOES',1),(32,'Xbox One X Star Wars Jedi','https://encrypted-tbn0.gstatic.com/images?q=tbn%3AANd9GcQ8ufSADR9EyusxEfgMLErqISEcKVzQyjoD81zWcdpBvuEGBnYP',NULL,'Own the Xbox One X Star Wars Jedi: Fallen Order™ Bundle and step into the role of a Jedi Padawan who narrowly escaped the purge of Order 66. This bundle includes a full-game download of Star Wars Jedi: Fallen Order™ Deluxe Edition, a 1-month trial of Xbox Game Pass for console and Xbox Live Gold, and 1-month of EA Access.***',250,88,'Gaming console',2),(33,'PEGASUS 33 Running Shoes For Men','https://i.pinimg.com/originals/43/40/8e/43408ee5a8d234752ecf80bbc3832e65.jpg',NULL,'The Nike Zoom Pegasus Turbo 2 is updated with a feather-light upper, while innovative foam brings revolutionary responsiveness to your long-distance training',59.99,100,'SPORTS SHOES',1),(34,'MEN\'S ADIDAS RUNNING KALUS SHOES','https://encrypted-tbn0.gstatic.com/images?q=tbn%3AANd9GcSrEqFHfSbs6rUzcYnN_PcnS_D2JLXusKMVFk4Y8N_tn3hJgNIf',NULL,'A well cushioned shoe with a fresher look that will appeal to young runners. Features Mesh upper for maximum ventilation, lightstrike IMEVA midsole with visible adiprene providing protection from harmful impact forces and durable Rubber outsole for long-lasting wear',39.99,100,'SPORTS SHOES',1),(35,'Xbox One X Star Wars Jedi','https://encrypted-tbn0.gstatic.com/images?q=tbn%3AANd9GcQ8ufSADR9EyusxEfgMLErqISEcKVzQyjoD81zWcdpBvuEGBnYP',NULL,'Own the Xbox One X Star Wars Jedi: Fallen Order™ Bundle and step into the role of a Jedi Padawan who narrowly escaped the purge of Order 66. This bundle includes a full-game download of Star Wars Jedi: Fallen Order™ Deluxe Edition, a 1-month trial of Xbox Game Pass for console and Xbox Live Gold, and 1-month of EA Access.***',250,100,'Gaming console',2),(36,'PlayStation 4','https://encrypted-tbn0.gstatic.com/images?q=tbn%3AANd9GcSr-iFW5W8n3_jxNKiclAP_k71Fi9PGcojsMUC-vb8zbwJthbBd',NULL,'With PS4, gaming becomes a lot more power packed. Ultra-fast processors, high-performance system, real-time game sharing, remote play and lots more makes it the ultimate companion device.',240.99,100,'Gaming console',2),(37,'PEGASUS 33 Running Shoes For Men','https://i.pinimg.com/originals/43/40/8e/43408ee5a8d234752ecf80bbc3832e65.jpg',NULL,'The Nike Zoom Pegasus Turbo 2 is updated with a feather-light upper, while innovative foam brings revolutionary responsiveness to your long-distance training',59.99,100,'SPORTS SHOES',1),(38,'MEN\'S ADIDAS RUNNING KALUS SHOES','https://encrypted-tbn0.gstatic.com/images?q=tbn%3AANd9GcSrEqFHfSbs6rUzcYnN_PcnS_D2JLXusKMVFk4Y8N_tn3hJgNIf',NULL,'A well cushioned shoe with a fresher look that will appeal to young runners. Features Mesh upper for maximum ventilation, lightstrike IMEVA midsole with visible adiprene providing protection from harmful impact forces and durable Rubber outsole for long-lasting wear',39.99,100,'SPORTS SHOES',1),(39,'Xbox One X Star Wars Jedi','https://encrypted-tbn0.gstatic.com/images?q=tbn%3AANd9GcQ8ufSADR9EyusxEfgMLErqISEcKVzQyjoD81zWcdpBvuEGBnYP',NULL,'Own the Xbox One X Star Wars Jedi: Fallen Order™ Bundle and step into the role of a Jedi Padawan who narrowly escaped the purge of Order 66. This bundle includes a full-game download of Star Wars Jedi: Fallen Order™ Deluxe Edition, a 1-month trial of Xbox Game Pass for console and Xbox Live Gold, and 1-month of EA Access.***',250,100,'Gaming console',2),(40,'PEGASUS 33 Running Shoes For Men','https://i.pinimg.com/originals/43/40/8e/43408ee5a8d234752ecf80bbc3832e65.jpg',NULL,'The Nike Zoom Pegasus Turbo 2 is updated with a feather-light upper, while innovative foam brings revolutionary responsiveness to your long-distance training',59.99,100,'SPORTS SHOES',1),(41,'MEN\'S ADIDAS RUNNING KALUS SHOES','https://encrypted-tbn0.gstatic.com/images?q=tbn%3AANd9GcSrEqFHfSbs6rUzcYnN_PcnS_D2JLXusKMVFk4Y8N_tn3hJgNIf',NULL,'A well cushioned shoe with a fresher look that will appeal to young runners. Features Mesh upper for maximum ventilation, lightstrike IMEVA midsole with visible adiprene providing protection from harmful impact forces and durable Rubber outsole for long-lasting wear',39.99,100,'SPORTS SHOES',1),(42,'Xbox One X Star Wars Jedi','https://encrypted-tbn0.gstatic.com/images?q=tbn%3AANd9GcQ8ufSADR9EyusxEfgMLErqISEcKVzQyjoD81zWcdpBvuEGBnYP',NULL,'Own the Xbox One X Star Wars Jedi: Fallen Order™ Bundle and step into the role of a Jedi Padawan who narrowly escaped the purge of Order 66. This bundle includes a full-game download of Star Wars Jedi: Fallen Order™ Deluxe Edition, a 1-month trial of Xbox Game Pass for console and Xbox Live Gold, and 1-month of EA Access.***',250,100,'Gaming console',2),(43,'PlayStation 4','https://encrypted-tbn0.gstatic.com/images?q=tbn%3AANd9GcSr-iFW5W8n3_jxNKiclAP_k71Fi9PGcojsMUC-vb8zbwJthbBd',NULL,'With PS4, gaming becomes a lot more power packed. Ultra-fast processors, high-performance system, real-time game sharing, remote play and lots more makes it the ultimate companion device.',240.99,100,'Gaming console',2),(44,'PEGASUS 33 Running Shoes For Men','https://i.pinimg.com/originals/43/40/8e/43408ee5a8d234752ecf80bbc3832e65.jpg',NULL,'The Nike Zoom Pegasus Turbo 2 is updated with a feather-light upper, while innovative foam brings revolutionary responsiveness to your long-distance training',59.99,100,'SPORTS SHOES',1),(45,'MEN\'S ADIDAS RUNNING KALUS SHOES','https://encrypted-tbn0.gstatic.com/images?q=tbn%3AANd9GcSrEqFHfSbs6rUzcYnN_PcnS_D2JLXusKMVFk4Y8N_tn3hJgNIf',NULL,'A well cushioned shoe with a fresher look that will appeal to young runners. Features Mesh upper for maximum ventilation, lightstrike IMEVA midsole with visible adiprene providing protection from harmful impact forces and durable Rubber outsole for long-lasting wear',39.99,100,'SPORTS SHOES',1),(46,'Xbox One X Star Wars Jedi','https://encrypted-tbn0.gstatic.com/images?q=tbn%3AANd9GcQ8ufSADR9EyusxEfgMLErqISEcKVzQyjoD81zWcdpBvuEGBnYP',NULL,'Own the Xbox One X Star Wars Jedi: Fallen Order™ Bundle and step into the role of a Jedi Padawan who narrowly escaped the purge of Order 66. This bundle includes a full-game download of Star Wars Jedi: Fallen Order™ Deluxe Edition, a 1-month trial of Xbox Game Pass for console and Xbox Live Gold, and 1-month of EA Access.***',250,100,'Gaming console',2),(47,'PEGASUS 33 Running Shoes For Men','https://i.pinimg.com/originals/43/40/8e/43408ee5a8d234752ecf80bbc3832e65.jpg',NULL,'The Nike Zoom Pegasus Turbo 2 is updated with a feather-light upper, while innovative foam brings revolutionary responsiveness to your long-distance training',59.99,100,'SPORTS SHOES',1),(48,'MEN\'S ADIDAS RUNNING KALUS SHOES','https://encrypted-tbn0.gstatic.com/images?q=tbn%3AANd9GcSrEqFHfSbs6rUzcYnN_PcnS_D2JLXusKMVFk4Y8N_tn3hJgNIf',NULL,'A well cushioned shoe with a fresher look that will appeal to young runners. Features Mesh upper for maximum ventilation, lightstrike IMEVA midsole with visible adiprene providing protection from harmful impact forces and durable Rubber outsole for long-lasting wear',39.99,100,'SPORTS SHOES',1),(49,'Xbox One X Star Wars Jedi','https://encrypted-tbn0.gstatic.com/images?q=tbn%3AANd9GcQ8ufSADR9EyusxEfgMLErqISEcKVzQyjoD81zWcdpBvuEGBnYP',NULL,'Own the Xbox One X Star Wars Jedi: Fallen Order™ Bundle and step into the role of a Jedi Padawan who narrowly escaped the purge of Order 66. This bundle includes a full-game download of Star Wars Jedi: Fallen Order™ Deluxe Edition, a 1-month trial of Xbox Game Pass for console and Xbox Live Gold, and 1-month of EA Access.***',250,100,'Gaming console',2),(50,'PlayStation 4','https://encrypted-tbn0.gstatic.com/images?q=tbn%3AANd9GcSr-iFW5W8n3_jxNKiclAP_k71Fi9PGcojsMUC-vb8zbwJthbBd',NULL,'With PS4, gaming becomes a lot more power packed. Ultra-fast processors, high-performance system, real-time game sharing, remote play and lots more makes it the ultimate companion device.',240.99,100,'Gaming console',2),(51,'PEGASUS 33 Running Shoes For Men','https://i.pinimg.com/originals/43/40/8e/43408ee5a8d234752ecf80bbc3832e65.jpg',NULL,'The Nike Zoom Pegasus Turbo 2 is updated with a feather-light upper, while innovative foam brings revolutionary responsiveness to your long-distance training',59.99,100,'SPORTS SHOES',1),(52,'MEN\'S ADIDAS RUNNING KALUS SHOES','https://encrypted-tbn0.gstatic.com/images?q=tbn%3AANd9GcSrEqFHfSbs6rUzcYnN_PcnS_D2JLXusKMVFk4Y8N_tn3hJgNIf',NULL,'A well cushioned shoe with a fresher look that will appeal to young runners. Features Mesh upper for maximum ventilation, lightstrike IMEVA midsole with visible adiprene providing protection from harmful impact forces and durable Rubber outsole for long-lasting wear',39.99,100,'SPORTS SHOES',1),(53,'Xbox One X Star Wars Jedi','https://encrypted-tbn0.gstatic.com/images?q=tbn%3AANd9GcQ8ufSADR9EyusxEfgMLErqISEcKVzQyjoD81zWcdpBvuEGBnYP',NULL,'Own the Xbox One X Star Wars Jedi: Fallen Order™ Bundle and step into the role of a Jedi Padawan who narrowly escaped the purge of Order 66. This bundle includes a full-game download of Star Wars Jedi: Fallen Order™ Deluxe Edition, a 1-month trial of Xbox Game Pass for console and Xbox Live Gold, and 1-month of EA Access.***',250,100,'Gaming console',2),(54,' Masala Dabba Containers Jars & Wooden Masala Box','https://images-na.ssl-images-amazon.com/images/I/710WGbVdSmL._SL1100_.jpg','https://images-na.ssl-images-amazon.com/images/I/51lxDAdm4wL._SL1100_.jpg;https://images-na.ssl-images-amazon.com/images/I/61hGwbwXRlL._SL1100_.jpg;https://images-na.ssl-images-amazon.com/images/I/51A0bPaILHL._SL1100_.jpg','Please refer to the volume of each partitions and dimensions before buying. Dimension of each small partition is (L * W * H) = ( 2.1 * 2.1 * 1.1) Inch and the Volume of each partitions is 50 ML\r\nCan store spices and masala for upto 10-15 days depending on the usage after which you need to refill the box',899,100,'Home Decoration',3),(55,'DesiDiya 12 Stars 138 LED Curtain String Lights Window','https://images-na.ssl-images-amazon.com/images/I/51M-0OzscIL._SX425_.jpg','https://images-na.ssl-images-amazon.com/images/I/41znJTtu7GL.jpg;https://images-na.ssl-images-amazon.com/images/I/71XjQust9OL._SL1001_.jpg;https://images-na.ssl-images-amazon.com/images/I/71KyQUFavrL._SL1001_.jpg','8 Lighting Modes : This curtain light is one button control, press the button you can select 8 different modes to meet your diverse needs\r\nEasy to use : 12 Stars(2 sizes), total 138pcs LED curtain string lights, Low voltage and ul Listed power supply, directly plug in and unplug for power on and off.',649,100,'Home Decoration',3),(56,'Infiprises RGB Blossom Flower Fairy String Lights','https://images-na.ssl-images-amazon.com/images/I/61K6BC0YGyL._SL1000_.jpg','https://images-na.ssl-images-amazon.com/images/I/61s9OyYrPRS._SL1000_.jpg;https://images-na.ssl-images-amazon.com/images/I/81oY8-tH1IL._SL1500_.jpg;https://images-na.ssl-images-amazon.com/images/I/61xrqVZIfWL._SL1000_.jpg','Blossom Flower String lights are composed of Ultra Bright Colour Micro LEDs that don\'t overheat giving a light fairy effect. After hours of use, they are completely safe to touch without risk of burns. The LED Starry Lights are safe for children and pets. Perfect for spicing-up your decor or creating a romantic setting\r\nString are apt for both indoor and outdoor use.These hanging, string lights or led wire lights make a great holiday decoration or perfect for Festival,Christmas, Wedding,Holiday and Party.',399,96,'Home Decoration',3),(57,'4700BC Gourmet Popcorn, Nutty Tuxedo Chocolate, Tin, 125g.','https://images-na.ssl-images-amazon.com/images/I/61paIp10KxL._SL1000_.jpg','https://images-na.ssl-images-amazon.com/images/I/51rKrHuoyCS.jpg;https://images-na.ssl-images-amazon.com/images/I/810ADHJP5%2BL._SL1500_.jpg;https://images-na.ssl-images-amazon.com/images/I/71lfVSpZK6L._SL1000_.jpg','Signature handcrafted delicious popcorn enrobed in luscious dark, milk and white chocolate with the perfect balance of almonds to shake your taste buds.',190,100,'Chocolate',5),(58,'Chokola Milk Chocolate Bar | 100% Couverture Chocolate | Vegan Chocolates |','https://images-na.ssl-images-amazon.com/images/I/41mCsJXOgyL.jpg','https://images-na.ssl-images-amazon.com/images/I/81UNh0Ft4vL._SL1500_.jpg;https://images-na.ssl-images-amazon.com/images/I/71UsKD-mUwL._SL1500_.jpg;https://images-na.ssl-images-amazon.com/images/I/71BKiusf0gL._SL1500_.jpg','Smooth and creamy milk chocolate with mild, natural, melt in your mouth chocolate goodness\r\nSugar (39.5%), cocoa butter (24.5%), milk solids (24%), cocoa mass (11.5%), emulsifier -soya lecithin\r\nQuantity: 80 gms; shelf life: 365 days; ingredient type: vegetarian; package content: 1 classic milk chocolate bar.',59,100,'Chocolate',5),(59,'Zevic Belgian Sugar Free Classic Milk Chocolate 40 gm','https://images-na.ssl-images-amazon.com/images/I/51cAXyzdJAL._SL1180_.jpg','https://images-na.ssl-images-amazon.com/images/I/51cAXyzdJAL._SL1180_.jpg;https://images-na.ssl-images-amazon.com/images/I/51WWwrEq5aL.jpg;https://images-na.ssl-images-amazon.com/images/I/61ZsSN5ogDL._SL1059_.jpg','Vegetarian\r\nPackage Quantity: Zevic Belgian Sugar Free Classic Milk Chocolate 40gm\r\nStorage: Keep in a cool and dry place.',89,100,'Chocolate',5),(60,'YELLOW CHIMES Crystals from Swarovski Butterfly Crystal Stud Earrings for Women and Girls','https://images-na.ssl-images-amazon.com/images/I/51aFpg5dfFL._UL1000_.jpg','https://images-na.ssl-images-amazon.com/images/I/71Sj6El7rtL._UL1000_.jpg;https://images-na.ssl-images-amazon.com/images/I/51ls1jSZNcL.jpg;https://images-na.ssl-images-amazon.com/images/I/51DfjlDmsfL.jpg','Never out of date butterfly design crystal makes you look more elegant and captures all the surrounding light and sparkles to perfection.\r\nThis 0.7*0.47\" butterfly crystal has been cleverly and perfectly set on ring that constitutes a new day-wear design aesthetic.\r\n5 Layer Micro Rhodium Plated. Thickness of plating: 0.1 Micron, whereas .03 Micron Plating is commonly available in Market. Nickel free and Lead free as per International Standards.',649,100,'Jewellery',6),(61,'Peora Traditional Alloy & German Silver Plating Oxidise Silver Adjustable Ring for Women & Girls (Oxidized Silver)','https://images-na.ssl-images-amazon.com/images/I/81%2BqRK99Q6L._UL1100_.jpg','https://images-na.ssl-images-amazon.com/images/I/81%2BqRK99Q6L._UL1100_.jpg;https://images-na.ssl-images-amazon.com/images/I/71zoKuCSjqL._UL1500_.jpg;https://images-na.ssl-images-amazon.com/images/I/719NhBGKy9L._UL1500_.jpg','BRAND: PEORA is your one stop destination for making any given day an occasion. We understand that your jewels are more than just accessories.\r\nMATERIAL: The metal is alloy with German silver plating that gives a dull, yet classy finish to the set. The German silver plating used when combined with the design gives a uniquely traditional look to the jewelry set. The metal is strong and long-lasting.',49,100,'Jewellery',6),(62,'Taruna Biyani Non-precious Metal Silver Plated and Pearl Necklace Mala Set for Women','https://images-na.ssl-images-amazon.com/images/I/61KgtRsS0IL._UL1500_.jpg','https://images-na.ssl-images-amazon.com/images/I/61fB1CPfemL._UL1200_.jpg;https://images-na.ssl-images-amazon.com/images/I/81sBbnb-3FL._UL1500_.jpg;https://images-na.ssl-images-amazon.com/images/I/61LpMHZ0axL._UL1114_.jpg','Taruna Biyani has designed this elegant best quality faux pearls necklace especially for your Daily Wear Jewelry wardrobe.\r\nWe offer matching earrings (hook type) to make it a complete set.\r\nDelicate designer IMITATION pearl necklace is suitable for all occasions as well as office wear.\r\nThe color range is exclusively handpicked to give you close to real pearl color. High luster powder coating',139,100,'Jewellery',6),(63,'Fastrack Men Pilot Sunglasses Black Frame Grey Lens','https://images-na.ssl-images-amazon.com/images/I/71vC0QEATxL._UL1500_.jpg','https://images-na.ssl-images-amazon.com/images/I/71TyrsXY7tL._UL1500_.jpg;https://images-na.ssl-images-amazon.com/images/I/91v65kqSNKL._UL1500_.jpg;https://images-na.ssl-images-amazon.com/images/I/71LYJtQP5XL._UL1500_.jpg','Model: P426BK1, Part Number:P426BK1\r\nFrame Color:Black, Lens Color:Grey\r\nFrame Type:Full Rim, Lens Type:Non-Polarized &UV protected\r\nFrame Material:Plastic, Lens Material:Polycarbonate\r\nLens Width: 61mm, Bridge Width: 23 mm, Temple length: 135mm',759,100,'Fashion',4),(64,'Fristo Womens Combo Handbag and Clutch','https://images-na.ssl-images-amazon.com/images/I/6136RUJqjqL._UL1500_.jpg','https://images-na.ssl-images-amazon.com/images/I/6136RUJqjqL._UL1500_.jpg;https://images-na.ssl-images-amazon.com/images/I/81ExS%2B8hKyL._UL1500_.jpg;https://images-na.ssl-images-amazon.com/images/I/71bHk04RXAL._UL1500_.jpg','2 big spacious compartments for files, book and paperwork and other essentials articles and 1 back zipper pockets for currencies notes and paper work and and 1 inner pocket and 1 front pocket\r\nClosure Type: Zip; Strap Type: Shoulder-Carry| Contains: Handbag & Clutch\r\nMaterial: PU|Dimensions: 26 x 33 x 11 Centimeters',189,100,'Fashion',4),(65,'Fastrack reflex 2.0 Uni-sex activity tracker - Calorie counter','https://images-na.ssl-images-amazon.com/images/I/71EFa8Vpk4L._SL1500_.jpg','https://images-na.ssl-images-amazon.com/images/I/71-HStHXGfL._SL1500_.jpg;https://images-na.ssl-images-amazon.com/images/I/71jiewGg0wL._SL1500_.jpg;https://images-na.ssl-images-amazon.com/images/I/81Pgk0dzAWL._SL1500_.jpg','Touch button; Display: Black and White; Upto 10 days battery life, 1 year warranty\r\nCompatible with iOS 8.0 and above & android 5.0 and above except the following phone models :Samsung Galaxy A9 Pro, Samsung Galaxy C9 Pro, Moto G5 series - all phones, Samsung Galaxy J2 Pro\r\nDistance, steps and calorie counter; Sedentary reminder; Sleep tracker\r\nWhatsapp & SMS display on screen, Call notifications\r\nCamera control : Acts as remote control to take pictures on your phone, Phone finder - Tracks the phone',599,100,'Fashion',4),(66,'Amazon Brand - Symbol Men\'s Stretch Skinny Fit Stretchable Jeans','https://images-na.ssl-images-amazon.com/images/I/810V2h6AOhL._UL1500_.jpg','https://images-na.ssl-images-amazon.com/images/I/61vvY%2BcMTPL._UL1280_.jpg;https://images-na.ssl-images-amazon.com/images/I/81jHHiSpciL._UL1500_.jpg','Care Instructions: Machine Wash\r\nFit Type: Skinny Fit\r\nMachine wash warm, wash dark colors separately, do not bleach, tumble dry low, warm Iron\r\nMade in India\r\nWaist size for Skinny Fit Jeans run 1 inch higher\r\nSkinny Fit\r\n98% Cotton, 2% Stretch',679,100,'Mens',8),(67,'EYEBOGLER Band Collar Men\'s T-Shirt(EBT325 & EBT325HS)\r\n','https://images-na.ssl-images-amazon.com/images/I/61AVfUl5r2L._UL1300_.jpg','https://images-na.ssl-images-amazon.com/images/I/51DEdlmtkOL._UL1300_.jpg;https://images-na.ssl-images-amazon.com/images/I/61S5wCAMKBL._UL1300_.jpg;https://images-na.ssl-images-amazon.com/images/I/71ntnIjlm8L._UL1300_.jpg','Care Instructions: Machine Wash\r\nFit Type: regular fit\r\nColor name: Black\r\nMaterial: Cotton\r\nPattern: Solid\r\nLong Sleeve\r\nMachine Wash\r\n',335,100,'Mens',8),(68,'Leotude Men\'s Matty Regular Fit Polo T Shirt','https://images-na.ssl-images-amazon.com/images/I/61zYnICjmFS._UL1500_.jpg','https://images-na.ssl-images-amazon.com/images/I/61CMbIZ5E6L._UL1472_.jpg;https://images-na.ssl-images-amazon.com/images/I/61Gb5ALtzNL._UL1500_.jpg;https://images-na.ssl-images-amazon.com/images/I/81XrCqZAFyL._UL1500_.jpg','Care Instructions: Hand Wash Only\r\nFit Type: Regular Fit\r\nWash Care: Hand Wash Only\r\nFabric Type: Cotton\r\nPattern name: Block Print\r\nCollar Style: Classic Collar;\r\n',459,100,'Mens',8),(69,'Anni Designer Women\'s Zoya Silk Printed Saree','https://images-na.ssl-images-amazon.com/images/I/913VtoIq8DL._UL1500_.jpg','https://images-na.ssl-images-amazon.com/images/I/81NbwYKnjyL._UL1500_.jpg;https://m.media-amazon.com/images/I/91pPCkaQ6NL._UL1500_.jpg;https://m.media-amazon.com/images/I/91osaIQ44kL._UL1500_.jpg','Care Instructions: Hand wash\r\nLength: 6.3 metres plus 0.8 metre blouse piece\r\nPackage Contents: 1 Zoya Silk Zari Work Saree\r\nTraditional wear, Casual Wear, party wear, evening wear\r\nProduct Color May Slightly Vary Due To Photographic Lighting Sources Or Your Monitor/Mobile Settings\r\n',2789,100,'Womens',7),(70,'Janasya Women\'s Pure Cotton Straight Kurta','https://images-na.ssl-images-amazon.com/images/I/81uJHOVq7GL._UL1500_.jpg','https://images-na.ssl-images-amazon.com/images/I/81LjF4bZHkL._UL1500_.jpg;https://m.media-amazon.com/images/I/81Zy3RzxEOL._UL1500_.jpg;https://m.media-amazon.com/images/I/81j85SZMAKL._UL1500_.jpg','Care Instructions: Hand wash\r\nKurta Material:Pure Cotton\r\nStyle: Straight 44\" length Kurta with 3/4 Sleeve\r\nOcassion:Casual, Formal\r\nPacket contains: 1 readymade Kurta.\r\nSize Declaration: Please choose garment size that is two inches more than your body measurement.e.g:-For Bust size -36(S),Select garment size-38\'\'(M)\r\n',649,100,'Womens',7),(71,'Harpa Women Round Neck Solid Top','https://images-na.ssl-images-amazon.com/images/I/71wS19CQMgL._UL1500_.jpg','https://images-na.ssl-images-amazon.com/images/I/81rAl2ghbwL._UL1500_.jpg; https://m.media-amazon.com/images/I/71AGpH81+bL._UL1500_.jpg;https://m.media-amazon.com/images/I/71tICaXgl3L._UL1500_.jpg','Care Instructions: Machine Wash\r\nFit Type: regular fit\r\nBrand : Harpa\r\nColor : Black\r\nFabric: Polyester\r\nPattern : Solid\r\nCategory: Shirt',307,100,'Womens',7),(72,'Harpa Women\'s Top','https://images-na.ssl-images-amazon.com/images/I/61shoJoAoML._UL1440_.jpg','https://images-na.ssl-images-amazon.com/images/I/61TtLcnS0dL._UL1440_.jpg;https://images-na.ssl-images-amazon.com/images/I/61LPSlN8TSL._UL1440_.jpg;https://images-na.ssl-images-amazon.com/images/I/71SbfyT-G-L._UL1440_.jpg','Care Instructions: Hand Wash Only\r\nFit Type: regular_fit\r\n100% Polyester\r\nHand wash\r\nBody Blouse\r\nThree Quarter sleeve\r\nRound neck',899,100,'Womens',7);
/*!40000 ALTER TABLE `products` ENABLE KEYS */;
UNLOCK TABLES;

--
-- Table structure for table `users`
--

DROP TABLE IF EXISTS `users`;
/*!40101 SET @saved_cs_client     = @@character_set_client */;
/*!50503 SET character_set_client = utf8mb4 */;
CREATE TABLE `users` (
  `id` int NOT NULL AUTO_INCREMENT,
  `username` varchar(255) NOT NULL,
  `password` varchar(255) NOT NULL,
  `email` varchar(255) NOT NULL,
  `fname` varchar(255) DEFAULT 'not set',
  `lname` varchar(255) DEFAULT 'not set',
  `age` int DEFAULT '18',
  `role` int DEFAULT '555',
  `photoUrl` text,
  `type` varchar(255) NOT NULL DEFAULT 'local',
  PRIMARY KEY (`id`)
) ENGINE=InnoDB AUTO_INCREMENT=27 DEFAULT CHARSET=utf8mb3;
/*!40101 SET character_set_client = @saved_cs_client */;

--
-- Dumping data for table `users`
--

LOCK TABLES `users` WRITE;
/*!40000 ALTER TABLE `users` DISABLE KEYS */;
INSERT INTO `users` VALUES (1,'djpallabroy','$2b$10$.HSolAB8bYOZgwUn9BMuZejDhg4x6fct81M7SX2ylKwJZ1VxyJp5e','djpallabroy@gmail.com','PALLAB','ROY',18,777,NULL,'local'),(25,'pspallabroy','$2b$10$ze3XGWGm0gYqQdmq9sS/xuPLj3CYpRJkVclveg6zwVhc.ITK71Qmy','pspallabroy@gmail.com','PALLAB','ROY',18,555,NULL,'local'),(26,'prroy101','$2b$10$vSNi3TgL4WS.QFbDGC3cHOLN2REDnPOdsb.KkumOuO6d/8ojBXzsK','prroy101@gmail.com','Pallab','Roy',18,555,NULL,'local');
/*!40000 ALTER TABLE `users` ENABLE KEYS */;
UNLOCK TABLES;
/*!40103 SET TIME_ZONE=@OLD_TIME_ZONE */;

/*!40101 SET SQL_MODE=@OLD_SQL_MODE */;
/*!40014 SET FOREIGN_KEY_CHECKS=@OLD_FOREIGN_KEY_CHECKS */;
/*!40014 SET UNIQUE_CHECKS=@OLD_UNIQUE_CHECKS */;
/*!40101 SET CHARACTER_SET_CLIENT=@OLD_CHARACTER_SET_CLIENT */;
/*!40101 SET CHARACTER_SET_RESULTS=@OLD_CHARACTER_SET_RESULTS */;
/*!40101 SET COLLATION_CONNECTION=@OLD_COLLATION_CONNECTION */;
/*!40111 SET SQL_NOTES=@OLD_SQL_NOTES */;

-- Dump completed on 2021-06-19 21:53:35
